318643885,Luis,Guerrero,Bernal,24
318911594,Lucía,Cerda,Roman,24
318502567,Rafael,Palafox,Rubalcava,24
318439443,Irene,Alcaraz,Cervantes,18
318497945,Marc,Buendia,Delgadillo,20
318107361,Ismael,Barajas,Mireles,26
318295968,Macarena,Navarrete,Quevedo,19
318442885,Nour,Camargo,Contreras,18
318995585,Leyre,Barron,Orozco,18
318133064,Eric,Ornelas,Hernandez,23
318955914,Mara,Guadarrama,Tovar,23
318427044,Enzo,Duran,Elizondo,26
318157433,Fátima,Castellanos,Correa,20
318194767,Carla,Lugo,Iglesias,19
318343282,Jimena,Vilchis,Fragoso,18
318903982,David,Tapia,Escobar,24
318147471,Berenice,Casas,Herrera,23
318151951,Victoria,Pavon,Avila,20
318710543,Jana,Dorantes,Meza,22
318659918,Julieta,Hinojosa,Ferrer,24
318716228,Irene,Correa,Davalos,20
318914039,Biel,Valle,Reyes,20
318461676,Juan,Juarez,Murillo,18
318251726,Bruno,Ojeda,Vega,20
318317253,Manuel,Cepeda,Becerril,22
318158299,Gael,Sierra,Ruvalcaba,21
318910165,Elena,Barrera,Figueroa,20
318492897,Carmen,Ordaz,Portillo,23
318344301,Raúl,Diaz,Alcocer,22
318698324,Elia,Rivero,Gordillo,19
318504034,Unai,Segura,Santoyo,25
318333302,Manuel,Prieto,Blanco,23
318626153,Vega,Lara,Contreras,22
318840097,Bruno,Figueroa,Ruiz,18
318205916,Alan,Ponce,Arteaga,20
318992609,Alberto,Amador,Rendon,21
318326852,Bruno,Coronado,Ocampo,21
318617558,Ignacio,Vela,Guerrero,18
318798437,Adam,Patiño,Palafox,22
318172867,Alejandro,Camacho,Enriquez,24
318448233,David,Rubalcava,Pedraza,25
318311143,Ona,Corona,Abarca,18
318427928,Youssef,Saldivar,De La Garza,26
318293176,Imran,Quintana,Ramirez,18
318161063,Ángela,Davalos,Angulo,19
318186608,Isabel,Zamudio,Esparza,26
318791222,Aarón,Rosales,Maldonado,19
318781442,Elena,Madrigal,Roman,26
318766876,Johan,Pacheco,Gallardo,21
318716404,India,Serrano,Canto,25
318873534,Marc,Leyva,De La Vega,19
318168586,Diana,Saavedra,Corral,22
318990660,Álex,Acosta,Bautista,26
318976957,Jan,Giron,Alcocer,26
318830608,Noah,Cantu,Rios,24
318541670,Helena,Castro,Zuñiga,20
318446747,Julia,Ornelas,Sanchez,24
318768488,Adrián,Tejeda,Limon,18
318353084,Triana,Ibañez,Rangel,23
318335608,Youssef,Santoyo,Mora,19
318860644,Álex,Marin,Luna,23
318819580,Vera,Corona,Ordaz,20
318671685,Teo,Barajas,Salcedo,25
318326716,Helena,Curiel,Prado,19
318442317,Marta,Rocha,Vidal,25
318742889,Samuel,Acuña,Estevez,23
318725782,Biel,Benitez,Espino,21
318849892,Malak,Alva,Tovar,24
318572362,Lola,Orozco,Baez,22
318317130,Pau,Ocaña,Hurtado,25
318166331,Javier,Fierro,Cisneros,24
318197480,Malak,Hernandez,Tinoco,22
318885227,Enzo,Chavez,Serna,19
318686994,Mauro,Millan,Arroyo,25
318308049,Adrián,Ibarra,Otero,25
318493027,Carmen,Ledezma,Huerta,23
318713142,Noa,Coronado,Mireles,25
318455335,Amir,Tamez,Madrid,23
318207649,Ana,Ortega,Galvan,22
318589219,Emma,Barbosa,Buendia,18
318645627,Natalia,Barragan,Suarez,21
318355064,David,Prieto,Delgadillo,18
318488602,Aina,Mendez,Casas,19
318777286,Azahara,Gaytan,Gonzalez,25
318569746,Iria,Marin,Osorio,20
318510907,Aitor,Piña,Navarrete,26
318312598,Jesús,De La Cruz,Lizarraga,18
318947019,Aina,Aguilera,Vergara,24
318444924,Amaia,Cadena,Valenzuela,21
318863124,Candela,Gallegos,Noriega,20
318751140,Thiago,Carranza,Bravo,22
318944401,Aina,Saenz,Mireles,22
318760212,Alma,Rivera,Montalvo,22
318279566,Matías,Dorantes,Alanis,23
318493408,Triana,Prado,Rodriguez,20
318285802,Alejandro,Monroy,Mercado,21
318140335,Ariadna,Santoyo,Arce,25
318880900,Enzo,Olivares,Bravo,19
318317058,Noah,Navarro,Araujo,19
318944964,Raúl,Cortez,Vallejo,22
318873965,África,Arcos,Prieto,21
318268933,Ariadna,Bustillos,Navarro,26
318433466,Carmen,Rubio,Leon,22
318395402,Lía,Arcos,Preciado,23
318604217,Cayetana,Gamboa,Lomeli,19
318544235,Aitana,Godoy,Betancourt,18
318582756,Elia,Guerra,Guillen,20
318549851,Berenice,Rivero,Palma,25
318591609,Laura,Velez,Diaz,23
318551256,África,Dueñas,Alvarez,18
318886846,Pablo,De La Rosa,Del Angel,19
318149211,Alonso,Felix,Bolaños,19
318735763,Iria,Melendez,Alarcon,24
318305428,Alonso,Rojas,Rueda,23
318701530,Andrea,Casillas,Ferrer,20
318417113,Yasmín,Barbosa,Valadez,19
318777451,Diego,Arguelles,De Leon,24
318920798,Lucía,Negrete,Gaytan,24
318558730,Víctor,Corona,Balderas,24
318611620,Jan,De La Cruz,Duran,19
318616948,Victoria,Lima,Guerra,19
318326321,Nil,Cruz,Elizondo,20
318526273,Elías,Lerma,Otero,23
318345649,Nuria,Armenta,Partida,24
318578969,Noah,Peñaloza,Ambriz,20
318830751,Rubén,Olmedo,Zepeda,25
318216445,Francisco,Conde,Santillan,18
318660330,Joel,Villegas,Tello,18
318629350,Ariadna,Acosta,Quezada,20
318180792,Daniela,Vela,Soria,23
318781559,Vera,Casas,Contreras,25
318303373,Manuela,Cardona,Altamirano,19
318736036,Carolina,Casillas,Orozco,22
318943342,Manuel,Ledezma,Nieto,21
318631025,Oliver,Solorzano,Anaya,25
318902361,Laia,Castro,Luna,21
318404252,Carolina,Chavez,Ochoa,20
318798386,Diego,Guadarrama,Zaragoza,23
318445719,Julieta,Robles,Tamez,25
318407550,Chlóe,Quintero,Vera,21
318917828,Mara,Marquez,Tejeda,19
318914792,Marta,Carrillo,Guizar,25
318961476,Amaia,Arriaga,Ruiz,22
318265606,Luna,Tovar,Bustos,19
318361819,Arlet,Rueda,Medrano,23
318319157,Lucas,Hinojosa,Ledezma,21
318170169,Julieta,Arteaga,Navarrete,20
318507663,Mauro,Mora,Valencia,26
318255034,Fátima,Ugarte,Vazquez,26
318230313,Adam,Cantu,Arredondo,20
318810048,Alma,Cerda,De La Torre,22
318172629,Alejandro,Medina,Castañeda,20
318553095,Aleydis,Santoyo,Miguel,21
318688919,Rayan,Olmos,Camacho,26
318801405,Lucía,Granados,Ferrer,18
318532282,Diego,Medellin,Torres,22
318679971,Luna,Villarreal,Carrasco,23
318555959,Izan,Alanis,Guillen,26
318951490,Samuel,Figueroa,Ballesteros,21
318482565,Erik,Limon,Ochoa,23
318898959,Claudia,Diaz,Cantu,20
318954455,Lara,Guadarrama,Canto,21
318158270,Diego,Olmos,Vela,25
318799791,India,Rodriguez,Saldivar,20
318356098,Raúl,Jaimes,Vela,18
318361137,Diego,Dueñas,Villegas,26
318849722,Arlet,Ferrer,De La Vega,23
318481652,Nahia,Limon,Rubalcava,26
318566789,África,Venegas,Vasquez,21
318921658,Clara,Espinosa,Medrano,21
318970922,Triana,Olguin,Olvera,23
318337364,Joel,Rosas,Reynoso,18
318988126,África,Castillo,Alfaro,25
318187989,Luna,Ocaña,Vasquez,25
318233283,Ainara,Gamboa,Barbosa,22
318324006,Samuel,Rueda,Briones,25
318747054,Leyre,Navarro,Rincon,25
318235187,Marc,Elizalde,Santana,21
318636651,Andrés,Noriega,Godinez,20
318404426,Vega,Olguin,Tellez,26
318116470,Alba,Zamora,Calderon,25
318904363,Ángel,Vidal,Bermudez,21
318338950,Elena,Pedraza,Peralta,20
318338260,Laia,Quintero,Salazar,18
318343700,Mauro,Delgadillo,Villegas,21
318392860,Blanca,Gomez,Arriaga,24
318672186,Adrián,Aguirre,Delgadillo,23
318386587,Naia,Marin,Aceves,19
318863356,Celia,Barron,Corral,20
318340721,Martí,Villa,Espino,25
318883937,Leire,Mejia,Orozco,22
318972372,Lucía,Orozco,De La Peña,24
318393867,Jan,Lomeli,Jauregui,18
318911048,Leire,Esquivel,Peñaloza,26
318377089,Johan,Uribe,Galindo,25
318978641,Chlóe,Betancourt,Acuña,19
318762694,Carlota,Contreras,Olmos,26
318725961,Ian,Saenz,Guizar,24
318629160,Erik,Andrade,Quiñones,21
318239755,Aitana,Barrera,Rodriguez,19
318449869,Francisco,Camacho,Mora,21
318686007,Héctor,Heredia,Mireles,23
318640062,Valeria,Chavez,Prado,25
318966436,Ignacio,Carbajal,Treviño,18
318103986,Nour,Barrios,Valdez,19
318703732,Adam,Santillan,Tamez,18
318915535,Teo,Maya,Olivares,19
318136921,Jon,Barcenas,Sepulveda,20
318862931,David,Cortez,Barragan,22
318432796,Julen,Peralta,Salinas,18
318677806,Vega,Acevedo,Del Rio,26
318484216,Martina,Uribe,Morales,21
318705221,Ángel,Marquez,Cazares,23
318602128,David,Cano,Cortez,20
318479623,Gonzalo,Corona,Ledesma,20
318886981,Elena,Segovia,Godoy,25
318680666,Jon,Corral,Peña,20
318260401,Natalia,Hurtado,Tinoco,22
318504761,Manuel,Bautista,Cervantes,19
318100278,Pedro,Parra,Arana,25
318965206,Mateo,Guadarrama,Arreola,24
318846594,Youssef,Sotelo,Villaseñor,26
318379762,Saúl,Lerma,Medina,18
318584215,Iker,Cordova,Montiel,18
318650993,José,Hernandez,Del Castillo,20
318587958,Rayan,Reyes,Araujo,22
318449315,Pedro,Rosales,Chapa,19
318400699,Julia,Ledezma,Fonseca,19
318716255,Ángel,Guadarrama,Carmona,23
318767169,Saúl,Chapa,Arriaga,21
318629229,Elsa,Fierro,Valdes,25
318955067,Martí,Mendez,Cuevas,21
318861873,Gabriel,Rivas,Yañez,26
318438731,Andrea,Mayorga,Gamez,24
318289561,Laia,Carranza,Montaño,23
318229316,Sergio,Cuellar,Abarca,18
318536497,Bruno,Velasco,Quevedo,24
318433366,Aitana,Lugo,Carrillo,20
318462713,Eric,Rivera,Dueñas,21
318702617,Jana,Becerra,Martin,20
318280623,Fátima,Peñaloza,Gil,21
318192071,Abril,Covarrubias,Castillo,20
318971122,Claudia,Canto,Partida,25
318510350,Luna,Limon,Barcenas,23
318184935,Amaia,Peña,Pedraza,20
318883888,Unai,Salinas,Cortez,22
318862183,Carmen,Fuentes,Mireles,21
318385163,Luka,Solano,Robles,25
318962421,Ángela,Ocampo,Coronado,26
318943201,Jaime,Ordaz,Farias,21
422817964,Thiago,Carmona,Camacho,23
422436955,Alan,Iglesias,Fonseca,22
422386386,Jorge,Prado,Plascencia,21
422495472,Nuria,Barrios,Pavon,19
422915765,Izan,Olmedo,Peralta,25
422743492,Leyre,Tellez,Hinojosa,26
422258569,Lucas,Cerda,Nieto,25
422596340,Jana,Gomez,Reyes,19
422229650,Adrián,Coronado,Acuña,19
422467801,Irene,Mondragon,Escalante,22
422665845,Youssef,Segura,Quintana,19
422124389,Joel,Tenorio,Limon,20
422452292,Sofía,De La Rosa,Andrade,26
422956409,Jan,Sierra,Dueñas,21
422685310,Noah,Castellanos,Noriega,25
422180113,Arnau,Vargas,Pedraza,18
422557035,Ignacio,Aguilar,Trujillo,24
422808654,Carlota,Andrade,Alcocer,19
422836960,Saúl,Aviles,Bustamante,25
422724241,Ainhoa,Arredondo,Barajas,21
422569398,Mara,Vega,Lara,24
422437271,Lola,Espinoza,Mata,21
422546481,Daniela,Barron,Duran,18
422572801,Vega,Rivera,Zepeda,21
422321112,Unai,Villarreal,Santana,20
422765479,Luis,Velez,Ramos,21
422666251,Bruno,Arce,Zamora,24
422377950,Nour,Jauregui,Lima,25
422344000,Laia,Gutierrez,Jaramillo,20
422298820,Iria,Rojas,Salas,25
422635551,Adara,Lagunes,Santamaria,18
422822537,Gala,Altamirano,Zamudio,22
422732550,Manuel,Fierro,Saenz,21
422357366,Bruno,Acuña,Fragoso,21
422538674,Lucas,Orozco,Aragon,21
422995978,Helena,Fuentes,Cervantes,22
422724448,Cristina,Ballesteros,Juarez,26
422732659,Mar,Cano,Angeles,20
422252167,Isabel,Aguilar,Meza,24
422292166,Nerea,Contreras,Marquez,19
422497739,Victoria,Arguelles,Dorantes,18
422156884,Amaia,Montalvo,Gonzalez,21
422902248,Aroa,Carreon,Macias,26
422466289,José,Ojeda,Delgadillo,19
422419337,Lara,Estevez,Leon,23
422311630,Fátima,Zambrano,Ledesma,26
422482835,Pedro,Reyes,Alatorre,26
422474720,Francisco,Montero,Casas,21
422985501,Carlota,Morales,Padilla,24
422795127,Victoria,Martinez,Montero,25
422420822,Nour,Jaimes,Garcia,19
422378357,Laura,Davalos,Soto,23
422574275,Iván,Ferrer,Rubio,20
422509827,Martín,Gutierrez,Miranda,20
422526509,Manuela,Pedroza,Marin,26
422146192,Leire,Segura,Ramos,23
422375179,Martín,Pulido,Rubio,26
422760128,Triana,Coronado,Gonzalez,20
422732940,Javier,Escamilla,Ocaña,22
422663140,Alejandra,Arreola,Salgado,25
422319004,Rafael,Campos,Leal,24
422311625,Álex,Reyes,Del Rio,19
422565937,Lucas,Angulo,Cantu,26
422547467,Clara,Reyna,Navarro,25
422784912,Dylan,Enriquez,Martinez,23
422850928,Ángela,Ortega,Bustos,25
422715460,Elías,Correa,Cuellar,25
422110584,Javier,Baltazar,Solorio,24
422391047,África,Montemayor,Zarate,26
422673171,Rocío,Plascencia,Hurtado,25
422775514,Nour,Frias,Saldaña,19
422205740,Ian,Quintanilla,Guzman,26
422663083,Manuel,Yañez,Matias,24
422816822,Yasmín,Vilchis,Saldaña,20
422494057,Elías,Elizondo,Jaramillo,22
422850548,Liam,Aleman,Romo,24
422864686,Julia,Zavala,Martin,19
422432420,Sofía,Vazquez,Leyva,26
422673828,Sara,Segura,Jaimes,21
422567221,Dylan,Saenz,Montalvo,22
422465467,Luca,Quevedo,Corral,25
422729527,Javier,Lozano,Rendon,19
422117337,Helena,Bolaños,Zaragoza,23
422652884,Isabel,Morales,Mayorga,20
422968360,Aina,Toledo,Torres,18
422286892,Omar,Gallegos,Ruvalcaba,20
422821376,Luka,Guevara,Solorzano,18
422452358,Pol,Monroy,Del Castillo,20
422385426,Brandon,Bustos,Tenorio,25
422138028,Valeria,Larios,Aparicio,19
422325589,Liam,Godoy,Esparza,23
422141964,Adrián,Abarca,Lopez,26
422587279,Alicia,Marquez,Vela,23
422546400,Saúl,Fierro,Camargo,19
422443854,Francisco,Reyna,Mayorga,26
422329827,Mia,Betancourt,Barraza,19
422980904,Luna,Lerma,Cortez,19
422182156,Miguel,Jaimes,Bonilla,22
422414534,Jorge,Vega,Chacon,19
422791871,Pedro,Cortez,Castillo,19
422366681,Julia,Romo,Corona,25
422514292,Arnau,Sierra,Del Angel,18
422989677,Lina,Portillo,Romero,25
422651493,Inés,Rendon,Briones,22
422395797,Sofía,Hinojosa,Enriquez,19
422546409,Adara,Zamudio,Saucedo,24
422301042,Antonio,Pedroza,Cardenas,26
422548688,Inés,Viveros,Covarrubias,25
422971933,Andrea,Sotelo,Valle,20
422544639,Ariadna,Roman,Galicia,22
422243697,Iker,Nuñez,De La Vega,20
422928006,Nicolás,Leyva,Ceballos,18
422969407,Naia,Bustamante,Estrada,26
422937209,Aina,Cano,Valdes,21
422962217,Alonso,Amador,Ponce,26
422760491,Luis,Canales,Molina,21
422735528,Natalia,Puente,Canto,22
422467906,Ismael,Arana,Vargas,19
422354497,Leire,Rincon,Lizarraga,20
422103115,Elena,Casillas,Andrade,22
422470915,Lucía,Leon,Aragon,19
422522241,Francisco,Magaña,Melo,24
422382051,Vega,Alcantara,Solano,22
422478609,Thiago,Gaytan,Patiño,24
422852160,Sofía,Barragan,Martin,23
422653962,Natalia,Segura,Cerda,24
422317253,Juan,Leon,Robledo,23
422501259,Ángel,Salinas,Anaya,24
422122988,Izan,Arvizu,Ponce,19
422547226,Joel,Ponce,Segura,24
422438417,Manuel,Aranda,Tellez,25
422504182,Ona,Gutierrez,Leyva,21
422425405,Daniela,Medina,Ojeda,21
422251877,Alejandra,Mata,Benavides,23
422296602,Nerea,Nuñez,Oliva,20
422975627,Aurora,Avendaño,Zaragoza,23
422787518,Helena,Cardenas,Becerril,23
422379810,Manuela,Barraza,Sandoval,18
422444660,Malak,Arguelles,Covarrubias,19
422107146,Ángel,Dueñas,Ochoa,22
422506843,Alan,Arteaga,Huerta,20
422463984,Mauro,Felix,Ortiz,18
422814039,Nuria,Balderas,Molina,26
422430885,Omar,Garrido,Rojas,21
422819736,Miguel,Rios,Cortez,26
422430161,Aarón,Vela,Zavala,21
422463282,Irene,Ordoñez,Del Castillo,21
422236486,Omar,Lira,Maya,18
422974342,Manuel,Martin,Acevedo,19
422679744,Liam,Hidalgo,Tenorio,26
422301575,Óscar,Escamilla,Solis,20
422188038,Luka,Castañeda,Ibañez,24
422618124,Hugo,Toledo,Del Rio,19
422988633,Inés,Martin,Varela,20
422898258,Julia,Heredia,Cordova,26
422625961,Candela,Barron,Saldaña,21
422501603,Iria,Carbajal,Carbajal,18
422776269,Héctor,De Leon,Guillen,22
422870671,Brandon,Dueñas,Galvan,18
422179326,Johan,Pulido,Rocha,24
422134348,Aroa,Fierro,Briones,22
422272729,Gala,Mena,Sosa,22
422177060,África,Garrido,Zuñiga,24
422306183,Izan,Saldaña,Viveros,18
422712920,Carolina,Piña,Canto,21
422718000,Aitor,Rosales,Alanis,24
422439203,Carmen,Saldivar,Bañuelos,18
422361590,Aitor,Guadarrama,Marin,22
422274914,Abril,Lizarraga,Pulido,21
422358544,Amir,Palma,Cordero,23
422579179,Eric,Carmona,Buendia,26
422193046,Melany,Amador,Duran,26
422273168,Jimena,Otero,Aguilar,20
422564682,Pol,Caballero,Suarez,20
422311255,Lara,Pavon,Curiel,24
422345459,Juan,Quevedo,Canto,19
422249679,India,Escalante,Jaimes,21
422608365,Aroa,Iglesias,Del Castillo,24
422358773,Lina,Soriano,Trujillo,21
422414610,Laura,Lozada,Gonzalez,26
422585635,Zoe,Leal,Acuña,22
422698510,Axel,Castañeda,Guajardo,26
422429931,Julia,Huerta,Hurtado,24
422201326,Nora,Bello,Castañeda,21
422590792,Martina,Robledo,Escobar,25
422759203,Brandon,Lagunes,Esparza,26
422922849,Sara,Ruvalcaba,Soria,18
422171032,Jan,Navarrete,Barcenas,21
422793368,Jorge,Fragoso,Maya,20
422964947,Laia,Cortes,Hinojosa,24
422560347,Berenice,Piña,Roman,24
422770809,Eva,Miranda,Oliva,24
422153661,Luna,Sepulveda,Barajas,26
422625705,Alma,Del Castillo,Escobedo,18
422398817,Francisco,Escalante,Espinosa,21
422729140,Yasmín,Balderas,Coronel,22
422700957,Samuel,Blanco,De Leon,22
422683215,Alba,Amaya,Quevedo,18
422637126,Antonio,Bonilla,Barraza,23
422309343,Luis,Elizalde,Segura,26
422454228,Isabella,Rojas,Narvaez,24
422551053,Martí,Guajardo,Del Rio,22
422229768,Alan,Aguayo,Cano,19
422267461,Nahia,Martin,Valle,25
422866539,Julia,Rodriguez,Guadarrama,23
422733783,Abril,Camacho,Resendiz,25
422478225,Marina,Bello,Espinosa,24
422340056,Gonzalo,Carmona,De La Rosa,20
422749674,Lucía,Sanchez,Gallegos,24
422139311,Ismael,Briseño,Corral,23
422860956,Irene,Reyes,Aguilera,18
422777436,Ignacio,Mosqueda,Davila,18
422897404,Ismael,Alba,Carrillo,23
422396250,Pau,Ugarte,Diaz,26
422530403,Irene,Olivares,Baltazar,23
422664036,Izan,Chavez,Jauregui,21
422910929,Alejandro,Lira,Bermudez,20
422451051,Helena,Nieto,Arroyo,24
422808281,Carlota,Briones,Herrera,19
422653619,Mohamed,Prado,Delgado,19
422265782,Sergio,Ojeda,Montaño,22
422840352,Alicia,Mendez,Valle,19
422779407,Amir,Alcantara,Alarcon,26
422215605,Diana,Zamudio,Escobar,23
422496346,Blanca,Peralta,Lozano,23
422419682,Víctor,Canales,Leal,26
422582127,Izan,Guerra,Blanco,25
422372779,Izan,Carmona,Rosales,20
422970408,Marcos,Viveros,Ledesma,21
422508021,Victoria,Carbajal,Paredes,26
422106695,Marta,Baltazar,Valencia,22
422797222,María,Zaragoza,Ugalde,22
422402593,Adam,Ugalde,Olivares,22
422546734,Darío,Felix,Fernandez,22
422679189,Marcos,Mora,Molina,26
422755584,Alicia,Villegas,Badillo,18
422253049,Carolina,Quintana,Curiel,22
422731286,Alicia,Solano,Cardona,25
422202973,Andrés,Huerta,Gaytan,21
422788035,Manuela,Soriano,Quintero,21
422641714,Gabriela,Arce,Garrido,25
422707424,Laia,Cota,Gallardo,26
422125113,Alejandra,Zurita,Gutierrez,22
422614526,Chlóe,Gamez,Partida,24
422307048,Adrián,De La Garza,Hinojosa,19
422556403,María,Davila,Zamora,24
422634263,María,Zaragoza,Duarte,23
422715299,Noa,Casillas,Soto,20
422288199,Marta,Vega,Ugarte,18
422852265,Julen,Sierra,Peñaloza,24
